,상품명,가격,이미지 경로,이미지 개수
0,BASIC HALF PANTS,"35,000원",['./상품이미지/바지/반바지/BASIC HALF PANTS1.jpg'],1
1,SWEAT SHORTS MARCHE EMBLEM_OATMEAL BLACK,"59,000원","['./상품이미지/바지/반바지/SWEAT SHORTS MARCHE EMBLEM_OATMEAL BLACK1.jpg', './상품이미지/바지/반바지/SWEAT SHORTS MARCHE EMBLEM_OATMEAL BLACK2.jpg', './상품이미지/바지/반바지/SWEAT SHORTS MARCHE EMBLEM_OATMEAL BLACK3.jpg']",3
2,트래블러 쇼츠_써머패키지,"35,900원","['./상품이미지/바지/반바지/트래블러 쇼츠_써머패키지1.jpg', './상품이미지/바지/반바지/트래블러 쇼츠_써머패키지2.jpg', './상품이미지/바지/반바지/트래블러 쇼츠_써머패키지3.jpg']",3
3,SWEAT SHORTS MARCHE EMBLEM_NAVY CREAM,"59,000원","['./상품이미지/바지/반바지/SWEAT SHORTS MARCHE EMBLEM_NAVY CREAM1.jpg', './상품이미지/바지/반바지/SWEAT SHORTS MARCHE EMBLEM_NAVY CREAM2.jpg', './상품이미지/바지/반바지/SWEAT SHORTS MARCHE EMBLEM_NAVY CREAM3.jpg']",3
4,Culotte  ASJF221KR32032,"178,000원","['./상품이미지/바지/반바지/Culotte  ASJF221KR320321.jpg', './상품이미지/바지/반바지/Culotte  ASJF221KR320322.jpg', './상품이미지/바지/반바지/Culotte  ASJF221KR320323.jpg']",3
5,로고배색 밴딩숏팬츠,"79,000원","['./상품이미지/바지/반바지/로고배색 밴딩숏팬츠1.jpg', './상품이미지/바지/반바지/로고배색 밴딩숏팬츠2.jpg', './상품이미지/바지/반바지/로고배색 밴딩숏팬츠3.jpg']",3
6,NYLON BEACH SHORT NAVY,"44,100원",['./상품이미지/바지/반바지/NYLON BEACH SHORT NAVY1.jpg'],1
7,NYLON BEACH SHORT RED,"44,100원",['./상품이미지/바지/반바지/NYLON BEACH SHORT RED1.jpg'],1
8,NYLON BEACH SHORT YELLOW,"44,100원",['./상품이미지/바지/반바지/NYLON BEACH SHORT YELLOW1.jpg'],1
9,NYLON BEACH SHORT KHAKI,"44,100원",['./상품이미지/바지/반바지/NYLON BEACH SHORT KHAKI1.jpg'],1
10,NYLON BEACH SHORT GREY,"44,100원",['./상품이미지/바지/반바지/NYLON BEACH SHORT GREY1.jpg'],1
11,Terry Sweat Shorts_Light Gray,"85,500원",['./상품이미지/바지/반바지/Terry Sweat Shorts_Light Gray1.jpg'],1
12,Terry Sweat Shorts_Blue,"85,500원",['./상품이미지/바지/반바지/Terry Sweat Shorts_Blue1.jpg'],1
13,베이직 여성 여자 프렌치테리 반바지 DH9662010,"59,000원",['./상품이미지/바지/반바지/베이직 여성 여자 프렌치테리 반바지 DH96620101.jpg'],1
14,블랑시 바이커 수트 팬츠 젠 블랙,"145,000원",['./상품이미지/바지/반바지/블랑시 바이커 수트 팬츠 젠 블랙1.jpg'],1
15,베이직 여성 여자 프렌치테리 반바지 DH9662008,"59,000원",['./상품이미지/바지/반바지/베이직 여성 여자 프렌치테리 반바지 DH96620081.jpg'],1
16,여성 바스키아 왕관 로고 팬츠 블랙 FMBPT783FBK,"19,800원","['./상품이미지/바지/반바지/여성 바스키아 왕관 로고 팬츠 블랙 FMBPT783FBK1.jpg', './상품이미지/바지/반바지/여성 바스키아 왕관 로고 팬츠 블랙 FMBPT783FBK2.jpg', './상품이미지/바지/반바지/여성 바스키아 왕관 로고 팬츠 블랙 FMBPT783FBK3.jpg']",3
17,우븐 플로우 여성 여자 트레이닝 쇼츠 반바지 DA0855658,"55,000원",['./상품이미지/바지/반바지/우븐 플로우 여성 여자 트레이닝 쇼츠 반바지 DA08556581.jpg'],1
18,여성 바스키아 왕관 로고 팬츠 라이트그레이 FMBPT783FLGY,"19,800원","['./상품이미지/바지/반바지/여성 바스키아 왕관 로고 팬츠 라이트그레이 FMBPT783FLGY1.jpg', './상품이미지/바지/반바지/여성 바스키아 왕관 로고 팬츠 라이트그레이 FMBPT783FLGY2.jpg', './상품이미지/바지/반바지/여성 바스키아 왕관 로고 팬츠 라이트그레이 FMBPT783FLGY3.jpg']",3
19,우븐 플로우 여성 트레이닝 쇼츠 반바지 DA0855010,"55,000원",['./상품이미지/바지/반바지/우븐 플로우 여성 트레이닝 쇼츠 반바지 DA08550101.jpg'],1
20,솔트 바이커 팬츠,"49,000원",['./상품이미지/바지/반바지/솔트 바이커 팬츠1.jpg'],1
21,핀턱 버뮤다 코튼 팬츠 아이보리,"48,000원",['./상품이미지/바지/반바지/핀턱 버뮤다 코튼 팬츠 아이보리1.jpg'],1
22,리츠 레더 쇼트 팬츠,"88,000원",['./상품이미지/바지/반바지/리츠 레더 쇼트 팬츠1.jpg'],1
23,핀턱 버뮤다 코튼 팬츠 블랙,"48,000원",['./상품이미지/바지/반바지/핀턱 버뮤다 코튼 팬츠 블랙1.jpg'],1
24,핀턱 버뮤다 코튼 팬츠 베이지,"48,000원",['./상품이미지/바지/반바지/핀턱 버뮤다 코튼 팬츠 베이지1.jpg'],1
25,플랫 하프 화이트 데님 팬츠,"58,000원",['./상품이미지/바지/반바지/플랫 하프 화이트 데님 팬츠1.jpg'],1
26,여성 바스키아 왕관 로고 팬츠 라임 FMBPT783FLM,"19,800원","['./상품이미지/바지/반바지/여성 바스키아 왕관 로고 팬츠 라임 FMBPT783FLM1.jpg', './상품이미지/바지/반바지/여성 바스키아 왕관 로고 팬츠 라임 FMBPT783FLM2.jpg', './상품이미지/바지/반바지/여성 바스키아 왕관 로고 팬츠 라임 FMBPT783FLM3.jpg']",3
27,클럽 플리스 여성 여자 쇼츠 반바지 CK0509010,"49,000원",['./상품이미지/바지/반바지/클럽 플리스 여성 여자 쇼츠 반바지 CK05090101.jpg'],1
28,Wave Short Beige,"99,000원","['./상품이미지/바지/반바지/Wave Short Beige1.jpg', './상품이미지/바지/반바지/Wave Short Beige2.jpg', './상품이미지/바지/반바지/Wave Short Beige3.jpg']",3
29,Wave Short Khaki,"99,000원","['./상품이미지/바지/반바지/Wave Short Khaki1.jpg', './상품이미지/바지/반바지/Wave Short Khaki2.jpg', './상품이미지/바지/반바지/Wave Short Khaki3.jpg']",3
30,Wave Short Blue,"99,000원","['./상품이미지/바지/반바지/Wave Short Blue1.jpg', './상품이미지/바지/반바지/Wave Short Blue2.jpg', './상품이미지/바지/반바지/Wave Short Blue3.jpg']",3
31,Afternoonlive Short,"38,000원",['./상품이미지/바지/반바지/Afternoonlive Short1.jpg'],1
32,Afternoonlive Short H,"38,000원",['./상품이미지/바지/반바지/Afternoonlive Short3.jpg'],1
33,데프 라인 하프 쇼츠 멜란지그레이,"32,000원",['./상품이미지/바지/반바지/데프 라인 하프 쇼츠 멜란지그레이1.jpg'],1
34,SI PT 7042 fake leather bermuda pants_Ash beige,"119,000원",['./상품이미지/바지/반바지/SI PT 7042 fake leather bermuda pants_Ash beige1.jpg'],1
35,여성 트리코트 7부_EM2FAPH504,"49,000원",['./상품이미지/바지/반바지/여성 트리코트 7부_EM2FAPH5041.jpg'],1
36,여성 미키 마우스 5부 반바지 아이보리 FMBPT786FIV,"19,800원","['./상품이미지/바지/반바지/여성 미키 마우스 5부 반바지 아이보리 FMBPT786FIV1.jpg', './상품이미지/바지/반바지/여성 미키 마우스 5부 반바지 아이보리 FMBPT786FIV2.jpg', './상품이미지/바지/반바지/여성 미키 마우스 5부 반바지 아이보리 FMBPT786FIV3.jpg']",3
37,SI SKN 2022 knit biker shorts_Oatmeal,"87,000원",['./상품이미지/바지/반바지/SI SKN 2022 knit biker shorts_Oatmeal1.jpg'],1
38,여성 미키 마우스 5부 반바지 민트 FMBPT786FMT,"19,800원","['./상품이미지/바지/반바지/여성 미키 마우스 5부 반바지 민트 FMBPT786FMT1.jpg', './상품이미지/바지/반바지/여성 미키 마우스 5부 반바지 민트 FMBPT786FMT2.jpg', './상품이미지/바지/반바지/여성 미키 마우스 5부 반바지 민트 FMBPT786FMT3.jpg']",3
39,여성 트리코트 반바지_EM2FAPH502,"49,000원",['./상품이미지/바지/반바지/여성 트리코트 반바지_EM2FAPH5021.jpg'],1
40,SI SKN 2022 knit biker shorts_Chili red,"87,000원",['./상품이미지/바지/반바지/SI SKN 2022 knit biker shorts_Chili red1.jpg'],1
41,여성 미키 마우스 5부 반바지 라이트핑크 FMBPT786FLPK,"19,800원","['./상품이미지/바지/반바지/여성 미키 마우스 5부 반바지 라이트핑크 FMBPT786FLPK1.jpg', './상품이미지/바지/반바지/여성 미키 마우스 5부 반바지 라이트핑크 FMBPT786FLPK2.jpg', './상품이미지/바지/반바지/여성 미키 마우스 5부 반바지 라이트핑크 FMBPT786FLPK3.jpg']",3
42,SI SKN 2022 knit biker shorts_Black,"87,000원",['./상품이미지/바지/반바지/SI SKN 2022 knit biker shorts_Black1.jpg'],1
43,여성 미키 마우스 5부 반바지 블랙 FMBPT786FBK,"19,800원","['./상품이미지/바지/반바지/여성 미키 마우스 5부 반바지 블랙 FMBPT786FBK1.jpg', './상품이미지/바지/반바지/여성 미키 마우스 5부 반바지 블랙 FMBPT786FBK2.jpg', './상품이미지/바지/반바지/여성 미키 마우스 5부 반바지 블랙 FMBPT786FBK3.jpg']",3
44,SI PT 7042 fake leather bermuda pants_Black,"119,000원",['./상품이미지/바지/반바지/SI PT 7042 fake leather bermuda pants_Black1.jpg'],1
45,SI JN 6030 color denim shorts_Ivory,"62,500원",['./상품이미지/바지/반바지/SI JN 6030 color denim shorts_Ivory1.jpg'],1
46,SI JN 6030 color denim shorts_Dusty pink,"62,500원",['./상품이미지/바지/반바지/SI JN 6030 color denim shorts_Dusty pink1.jpg'],1
47,데프 라인 숏 팬츠 딥스카이,"28,000원",['./상품이미지/바지/반바지/데프 라인 숏 팬츠 딥스카이1.jpg'],1
48,여성 미키 마우스 5부 반바지 멜란지그레이 FMBPT786FMGY,"19,800원","['./상품이미지/바지/반바지/여성 미키 마우스 5부 반바지 멜란지그레이 FMBPT786FMGY1.jpg', './상품이미지/바지/반바지/여성 미키 마우스 5부 반바지 멜란지그레이 FMBPT786FMGY2.jpg', './상품이미지/바지/반바지/여성 미키 마우스 5부 반바지 멜란지그레이 FMBPT786FMGY3.jpg']",3
49,데프 라인 하프 쇼츠 딥스카이,"32,000원",['./상품이미지/바지/반바지/데프 라인 하프 쇼츠 딥스카이1.jpg'],1
50,데프 라인 하프 쇼츠 블랙,"32,000원",['./상품이미지/바지/반바지/데프 라인 하프 쇼츠 블랙1.jpg'],1
51,데프 라인 하프 쇼츠 그레이,"32,000원",['./상품이미지/바지/반바지/데프 라인 하프 쇼츠 그레이1.jpg'],1
52,데프 라인 숏 팬츠 멜란지그레이,"28,000원",['./상품이미지/바지/반바지/데프 라인 숏 팬츠 멜란지그레이1.jpg'],1
53,데프 라인 숏 팬츠 시티그린,"28,000원",['./상품이미지/바지/반바지/데프 라인 숏 팬츠 시티그린1.jpg'],1
54,셋업 쇼트 팬츠,"240,000원","['./상품이미지/바지/반바지/셋업 쇼트 팬츠1.jpg', './상품이미지/바지/반바지/셋업 쇼트 팬츠2.jpg']",2
55,스트랩 바이크 팬츠,"53,100원",['./상품이미지/바지/반바지/스트랩 바이크 팬츠1.jpg'],1
56,스트랩 바이크 팬츠 O,"53,100원",['./상품이미지/바지/반바지/스트랩 바이크 팬츠95.jpg'],1
57,실루엣 로고 복서 쇼츠 스웨트팬츠 화이트멜란지,"47,200원","['./상품이미지/바지/반바지/실루엣 로고 복서 쇼츠 스웨트팬츠 화이트멜란지1.jpg', './상품이미지/바지/반바지/실루엣 로고 복서 쇼츠 스웨트팬츠 화이트멜란지2.jpg']",2
58,블랙 셋업 쇼트 팬츠,"240,000원",['./상품이미지/바지/반바지/블랙 셋업 쇼트 팬츠1.jpg'],1
59,데이지 블랙 12 팬츠,"47,200원","['./상품이미지/바지/반바지/데이지 블랙 12 팬츠1.jpg', './상품이미지/바지/반바지/데이지 블랙 12 팬츠2.jpg']",2
60,Cutting Half denim Mid blue,"139,000원","['./상품이미지/바지/반바지/Cutting Half denim Mid blue1.jpg', './상품이미지/바지/반바지/Cutting Half denim Mid blue2.jpg']",2
61,테크 쇼츠_그레이,"29,900원","['./상품이미지/바지/반바지/테크 쇼츠_그레이1.jpg', './상품이미지/바지/반바지/테크 쇼츠_그레이2.jpg', './상품이미지/바지/반바지/테크 쇼츠_그레이3.jpg']",3
62,3 스트라이프 숏 팬츠 블랙 GN2885,"31,900원","['./상품이미지/바지/반바지/3 스트라이프 숏 팬츠 블랙 GN28851.jpg', './상품이미지/바지/반바지/3 스트라이프 숏 팬츠 블랙 GN28852.jpg', './상품이미지/바지/반바지/3 스트라이프 숏 팬츠 블랙 GN28853.jpg']",3
63,PINTUCK BERMUDA PANTS_CREAM,"148,000원","['./상품이미지/바지/반바지/PINTUCK BERMUDA PANTS_CREAM1.jpg', './상품이미지/바지/반바지/PINTUCK BERMUDA PANTS_CREAM2.jpg', './상품이미지/바지/반바지/PINTUCK BERMUDA PANTS_CREAM3.jpg']",3
64,PINTUCK BERMUDA PANTS_DARK GRAY,"148,000원","['./상품이미지/바지/반바지/PINTUCK BERMUDA PANTS_DARK GRAY1.jpg', './상품이미지/바지/반바지/PINTUCK BERMUDA PANTS_DARK GRAY2.jpg', './상품이미지/바지/반바지/PINTUCK BERMUDA PANTS_DARK GRAY3.jpg']",3
65,22SS FLAVOUR SHORTS PANTS _02,"59,000원","['./상품이미지/바지/반바지/22SS FLAVOUR SHORTS PANTS _021.jpg', './상품이미지/바지/반바지/22SS FLAVOUR SHORTS PANTS _022.jpg', './상품이미지/바지/반바지/22SS FLAVOUR SHORTS PANTS _023.jpg']",3
66,22SS FLAVOUR SHORTS PANTS _04,"59,000원","['./상품이미지/바지/반바지/22SS FLAVOUR SHORTS PANTS _041.jpg', './상품이미지/바지/반바지/22SS FLAVOUR SHORTS PANTS _042.jpg', './상품이미지/바지/반바지/22SS FLAVOUR SHORTS PANTS _043.jpg']",3
67,22SS FLAVOUR SHORTS PANTS _03,"59,000원","['./상품이미지/바지/반바지/22SS FLAVOUR SHORTS PANTS _031.jpg', './상품이미지/바지/반바지/22SS FLAVOUR SHORTS PANTS _032.jpg', './상품이미지/바지/반바지/22SS FLAVOUR SHORTS PANTS _033.jpg']",3
68,여성 우븐 바이커쇼츠,"89,000원","['./상품이미지/바지/반바지/여성 우븐 바이커쇼츠1.jpg', './상품이미지/바지/반바지/여성 우븐 바이커쇼츠2.jpg', './상품이미지/바지/반바지/여성 우븐 바이커쇼츠3.jpg']",3
69,테리 숏 팬츠 핑크,"47,200원","['./상품이미지/바지/반바지/테리 숏 팬츠 핑크1.jpg', './상품이미지/바지/반바지/테리 숏 팬츠 핑크2.jpg', './상품이미지/바지/반바지/테리 숏 팬츠 핑크3.jpg']",3
70,드라이 핏 쿨 트레이닝 4부 쇼츠 DBF2S8016 3colors,"55,000원","['./상품이미지/바지/반바지/드라이 핏 쿨 트레이닝 4부 쇼츠 DBF2S8016 3colors1.jpg', './상품이미지/바지/반바지/드라이 핏 쿨 트레이닝 4부 쇼츠 DBF2S8016 3colors2.jpg']",2
71,22SS FLAVOUR SHORTS PANTS _01,"59,000원","['./상품이미지/바지/반바지/22SS FLAVOUR SHORTS PANTS _011.jpg', './상품이미지/바지/반바지/22SS FLAVOUR SHORTS PANTS _012.jpg', './상품이미지/바지/반바지/22SS FLAVOUR SHORTS PANTS _013.jpg']",3
72,테리 숏 팬츠 그린,"47,200원","['./상품이미지/바지/반바지/테리 숏 팬츠 그린1.jpg', './상품이미지/바지/반바지/테리 숏 팬츠 그린2.jpg', './상품이미지/바지/반바지/테리 숏 팬츠 그린3.jpg']",3
73,여성 골지 니트 4부 반바지,"89,000원","['./상품이미지/바지/반바지/여성 골지 니트 4부 반바지1.jpg', './상품이미지/바지/반바지/여성 골지 니트 4부 반바지2.jpg', './상품이미지/바지/반바지/여성 골지 니트 4부 반바지3.jpg']",3
74,피그먼트 우먼스 쇼츠 핑크,"69,000원","['./상품이미지/바지/반바지/피그먼트 우먼스 쇼츠 핑크1.jpg', './상품이미지/바지/반바지/피그먼트 우먼스 쇼츠 핑크2.jpg', './상품이미지/바지/반바지/피그먼트 우먼스 쇼츠 핑크3.jpg']",3
75,JS SPORTS X 리치리치 4부 우븐 반바지,"69,000원","['./상품이미지/바지/반바지/JS SPORTS X 리치리치 4부 우븐 반바지1.jpg', './상품이미지/바지/반바지/JS SPORTS X 리치리치 4부 우븐 반바지2.jpg', './상품이미지/바지/반바지/JS SPORTS X 리치리치 4부 우븐 반바지3.jpg']",3
76,피그먼트 우먼스 쇼츠 차콜,"69,000원","['./상품이미지/바지/반바지/피그먼트 우먼스 쇼츠 차콜1.jpg', './상품이미지/바지/반바지/피그먼트 우먼스 쇼츠 차콜2.jpg', './상품이미지/바지/반바지/피그먼트 우먼스 쇼츠 차콜3.jpg']",3
77,드라이핏 스우시 심플 5부 밴딩 반바지,"25,000원",['./상품이미지/바지/반바지/드라이핏 스우시 심플 5부 밴딩 반바지1.jpg'],1
78,KODACOLOR 워싱 니트 숏팬츠 우먼 IVORY,"89,000원","['./상품이미지/바지/반바지/KODACOLOR 워싱 니트 숏팬츠 우먼 IVORY1.jpg', './상품이미지/바지/반바지/KODACOLOR 워싱 니트 숏팬츠 우먼 IVORY2.jpg', './상품이미지/바지/반바지/KODACOLOR 워싱 니트 숏팬츠 우먼 IVORY3.jpg']",3
79,우먼즈 라운지 쇼츠,"15,900원","['./상품이미지/바지/반바지/우먼즈 라운지 쇼츠1.jpg', './상품이미지/바지/반바지/우먼즈 라운지 쇼츠2.jpg', './상품이미지/바지/반바지/우먼즈 라운지 쇼츠3.jpg']",3
80,컬러 코듀로이 쇼츠 2컬러,"138,000원","['./상품이미지/바지/반바지/컬러 코듀로이 쇼츠 2컬러1.jpg', './상품이미지/바지/반바지/컬러 코듀로이 쇼츠 2컬러2.jpg', './상품이미지/바지/반바지/컬러 코듀로이 쇼츠 2컬러3.jpg']",3
81,Azuer Dark Blue,"43,000원","['./상품이미지/바지/반바지/Azuer Dark Blue1.jpg', './상품이미지/바지/반바지/Azuer Dark Blue2.jpg', './상품이미지/바지/반바지/Azuer Dark Blue3.jpg']",3
82,Terry Short Charcoal,"69,000원","['./상품이미지/바지/반바지/Terry Short Charcoal1.jpg', './상품이미지/바지/반바지/Terry Short Charcoal2.jpg', './상품이미지/바지/반바지/Terry Short Charcoal3.jpg']",3
83,오션플랜트 스티치 숏츠,"51,000원",['./상품이미지/바지/반바지/오션플랜트 스티치 숏츠1.jpg'],1
84,Azuer Light Blue,"43,000원","['./상품이미지/바지/반바지/Azuer Light Blue1.jpg', './상품이미지/바지/반바지/Azuer Light Blue2.jpg', './상품이미지/바지/반바지/Azuer Light Blue3.jpg']",3
85,하프 슬랙스 팬츠 레이온블랙 MDPT016RNBLACK,"69,000원","['./상품이미지/바지/반바지/하프 슬랙스 팬츠 레이온블랙 MDPT016RNBLACK1.jpg', './상품이미지/바지/반바지/하프 슬랙스 팬츠 레이온블랙 MDPT016RNBLACK2.jpg', './상품이미지/바지/반바지/하프 슬랙스 팬츠 레이온블랙 MDPT016RNBLACK3.jpg']",3
86,하프 슬랙스 팬츠 블랙 MDPT016BLACK,"69,000원","['./상품이미지/바지/반바지/하프 슬랙스 팬츠 블랙 MDPT016BLACK1.jpg', './상품이미지/바지/반바지/하프 슬랙스 팬츠 블랙 MDPT016BLACK2.jpg', './상품이미지/바지/반바지/하프 슬랙스 팬츠 블랙 MDPT016BLACK3.jpg']",3
87,하프 슬랙스 팬츠 차콜 MDPT016CHARCOAL,"69,000원","['./상품이미지/바지/반바지/하프 슬랙스 팬츠 차콜 MDPT016CHARCOAL1.jpg', './상품이미지/바지/반바지/하프 슬랙스 팬츠 차콜 MDPT016CHARCOAL2.jpg', './상품이미지/바지/반바지/하프 슬랙스 팬츠 차콜 MDPT016CHARCOAL3.jpg']",3
88,하프 슬랙스 팬츠 브라운 MDPT016BROWN,"69,000원","['./상품이미지/바지/반바지/하프 슬랙스 팬츠 브라운 MDPT016BROWN1.jpg', './상품이미지/바지/반바지/하프 슬랙스 팬츠 브라운 MDPT016BROWN2.jpg', './상품이미지/바지/반바지/하프 슬랙스 팬츠 브라운 MDPT016BROWN3.jpg']",3
89,하프 슬랙스 팬츠 라이트그레이 MDPT016LGRAY,"69,000원","['./상품이미지/바지/반바지/하프 슬랙스 팬츠 라이트그레이 MDPT016LGRAY1.jpg', './상품이미지/바지/반바지/하프 슬랙스 팬츠 라이트그레이 MDPT016LGRAY2.jpg', './상품이미지/바지/반바지/하프 슬랙스 팬츠 라이트그레이 MDPT016LGRAY3.jpg']",3
